Y,X,Type
43.0012174,-71.07292641,A
40.79211771,-74.02160965,A
40.7828707,-74.00453593,A
40.79021568,-74.01803868,A
40.75224884,-74.00153018,A
40.75074014,-73.99788816,A
40.75311365,-74.00387804,A
40.74615906,-73.99468552,A
40.7479242,-74.00067464,A
40.74386746,-73.98743664,A
40.74633298,-73.98732193,A
40.75114042,-74.0025262,A
40.74803702,-73.98957222,A
40.7448713,-73.99127283,A
40.74854371,-74.00352466,A
40.74615906,-73.99468552,A
40.74860322,-74.00348417,A
40.75313112,-73.9957786,A
40.7446131,-73.99297243,A
40.75188842,-73.99476171,A
40.7469348,-73.98681734,A
40.7520509,-73.99895426,A
40.74615906,-73.99468552,A
40.74615906,-73.99468552,A
40.74615906,-73.99468552,A
40.7502897,-73.99669684,A
40.75201562,-74.00270885,A
40.74757606,-73.98523459,A
40.75311365,-74.00387804,A
40.74864833,-73.99497163,A
40.74626077,-73.99302297,A
40.74509745,-73.99493673,A
40.75352038,-74.00190653,A
40.74835059,-73.98892692,A
40.72076704,-73.99258367,A
40.72138458,-73.98317482,A
40.71039536,-73.98764263,A
40.71338393,-73.98982863,A
40.71576569,-73.98632474,A
40.71099861,-73.9911093,A
40.71777571,-73.98376549,A
40.71866541,-73.98531371,A
40.7197406,-73.98715689,A
40.71866541,-73.98531371,A
40.72011032,-73.98358235,A
40.71873766,-73.98326107,A
40.72046907,-73.9889932,A
40.71657316,-73.98638291,A
40.72116212,-73.99359093,A
40.72146014,-73.98415592,A
40.72111749,-73.98867033,A
40.72331435,-73.99125615,A
40.71983669,-73.98325445,A
40.72204801,-73.98538437,A
40.71039536,-73.98764263,A
40.71657316,-73.98638291,A
40.72116212,-73.99359093,A
40.71851629,-73.98239706,A
40.7199014,-73.98787715,A
40.71928877,-73.99104048,A
40.72132394,-73.99352672,A
40.71777571,-73.98376549,A
40.7182811,-73.98551723,A
40.7220846,-73.98817488,A
40.71777571,-73.98376549,A
40.71826911,-73.98775595,A
40.72082961,-73.98971162,A
40.71657316,-73.98638291,A
40.71972207,-73.98728531,A
40.7135752,-73.98103148,A
40.7135752,-73.98103148,A
40.71962044,-73.98475338,A
40.71965016,-73.98941238,A
40.71639726,-73.99166443,A
40.72067702,-73.98427461,A
40.71488651,-73.99014027,A
40.71903723,-73.99154449,A
40.71657316,-73.98638291,A
40.7225816,-73.9923784,A
40.70993804,-73.99136704,A
40.71729819,-73.98341513,A
40.71927875,-73.98960399,A
40.72087848,-73.98790582,A
40.71544873,-73.99070462,A
40.71657316,-73.98638291,A
40.72245172,-73.9898008,A
40.72077735,-73.98325227,A
40.72067702,-73.98427461,A
40.72087848,-73.98790582,A
40.71841755,-73.98300123,A
40.72331435,-73.99125615,A
40.71657316,-73.98638291,A
40.72077463,-73.9893786,A
40.71714015,-73.99043346,A
40.71913303,-73.98306041,A
40.72331435,-73.99125615,A
40.71855169,-73.98444171,A
40.72132411,-73.98946477,A
40.72076704,-73.99258367,A
40.73665796,-73.98735429,A
40.73506944,-73.98170246,A
40.72727375,-73.99160836,A
40.72567456,-73.99016927,A
40.7332407,-73.9872061,A
40.73295479,-73.99042743,A
40.72415312,-73.99044344,A
40.73179201,-73.99332941,A
40.72849067,-73.98924491,A
40.72421993,-73.98872515,A
40.72745111,-73.98678918,A
40.7236803,-73.98933518,A
40.72579816,-73.98845391,A
40.72831076,-73.98896043,A
40.73296858,-73.98739779,A
40.73661119,-73.9890678,A
40.73674375,-73.98407085,A
40.73070819,-73.99275668,A
40.73264827,-73.98478063,A
40.73476843,-73.98650202,A
40.72994066,-73.99184607,A
40.73220017,-73.99248385,A
40.73624188,-73.98271616,A
40.72896501,-73.98846145,A
40.73212662,-73.9851646,A
40.73426824,-73.99243381,A
40.73002205,-73.99233658,A
40.7341889,-73.99488979,A
40.73137359,-73.99245979,A
40.73033905,-73.99370526,A
40.7294665,-73.98704533,A
40.73070819,-73.99275668,A
40.73286745,-73.98625148,A
40.72849067,-73.98924491,A
40.72896501,-73.98846145,A
40.72547331,-73.98968965,A
40.73174801,-73.98757364,A
40.73535256,-73.98607311,A
40.73028998,-73.99462609,A
40.73304871,-73.99077771,A
40.7236803,-73.98933518,A
40.72862743,-73.98583758,A
40.73006815,-73.9865425,A
40.72648631,-73.98917149,A
40.72999833,-73.98542218,A
40.73033905,-73.99370526,A
40.73334887,-73.98528924,A
40.73476843,-73.98650202,A
40.73026605,-73.98405324,A
40.73174801,-73.98757364,A
40.73070819,-73.99275668,A
40.73403048,-73.98128093,A
40.73113269,-73.99375748,A
40.73033905,-73.99370526,A
40.73586298,-73.983796,A
40.73553118,-73.98648819,A
40.73476843,-73.98650202,A
40.73200856,-73.98525328,A
40.73454098,-73.98338831,A
40.7248515,-73.98820857,A
40.7244322,-73.98923636,A
40.73439853,-73.98989627,A
40.72534055,-73.98937324,A
40.73684785,-73.98869799,A
40.7307838,-73.99042458,A
40.73049516,-73.98659254,A
40.73049516,-73.98659254,A
40.72944986,-73.98609977,A
40.73160581,-73.9928783,A
40.72627303,-73.9897148,A
40.73509771,-73.98290878,A
40.73066599,-73.98513317,A
40.72564665,-73.98823313,A
40.73490233,-73.98514532,A
40.73275505,-73.98584504,A
40.73239383,-73.98910242,A
40.73632847,-73.98709738,A
40.73314716,-73.98905774,A
40.7353858,-73.99162713,A
40.73109841,-73.98814412,A
40.7336007,-73.9879836,A
40.73353604,-73.99101718,A
40.73002205,-73.99233658,A
40.7340493,-73.9890476,A
40.73363469,-73.98595317,A
40.73208483,-73.98850244,A
40.72841452,-73.99275031,A
40.73007242,-73.99419727,A
40.72921739,-73.99354391,A
40.73562196,-73.99264386,A
40.73056298,-73.98326143,A
40.73562196,-73.99264386,A
40.73723002,-73.98637553,A
40.73092465,-73.98594093,A
40.73033905,-73.99370526,A
40.73286159,-73.99220817,A
40.7322751,-73.98881693,A
40.72706013,-73.98874418,A
40.73262153,-73.99348573,A
40.73033905,-73.99370526,A
40.73095085,-73.98780104,A
40.73264827,-73.98478063,A
40.72565294,-73.9898479,A
40.73033905,-73.99370526,A
40.73449807,-73.98842843,A
40.72663622,-73.98871777,A
40.72886048,-73.98821578,A
40.73002205,-73.99233658,A
40.73624188,-73.98271616,A
40.7307838,-73.99042458,A
40.73449807,-73.98842843,A
40.73475703,-73.98465406,A
40.73202813,-73.98411393,A
40.73031923,-73.98983525,A
40.73449807,-73.98842843,A
40.72866426,-73.98965495,A
40.73426824,-73.99243381,A
40.73806453,-73.99084376,A
40.73049516,-73.98659254,A
40.7281002,-73.98656899,A
40.73803569,-73.99209275,A
40.73487819,-73.98147103,A
40.73070819,-73.99275668,A
40.73002205,-73.99233658,A
40.73262153,-73.99348573,A
40.73094678,-73.98965395,A
40.702817,-74.00982784,A
40.70612973,-74.01126752,A
40.70514217,-74.01149358,A
40.70600475,-74.01650294,A
40.70564047,-74.01624562,A
40.70404037,-74.01155234,A
40.70256507,-74.01263813,A
40.70600475,-74.01650294,A
40.70632029,-74.01598813,A
40.70564655,-74.0082155,A
40.70753005,-74.00989809,A
40.70650314,-74.01111556,A
40.70650314,-74.01111556,A
40.70753005,-74.00989809,A
40.70753005,-74.00989809,A
40.70664626,-74.0099871,A
40.70629292,-74.00783262,A
40.70509188,-74.0073603,A
40.70753005,-74.00989809,A
40.70431504,-74.00915512,A
40.70509188,-74.0073603,A
40.70650314,-74.01111556,A
40.70696377,-74.01230043,A
40.70431504,-74.00915512,A
40.70646303,-74.00968225,A
40.70629292,-74.00783262,A
40.70596079,-74.00876762,A
40.70775309,-74.01372267,A
40.70942889,-74.01106409,A
40.70729401,-74.01210303,A
40.70864857,-74.01335152,A
40.71006449,-74.01465616,A
40.70792379,-74.01538689,A
40.71458858,-74.0089568,A
40.71403692,-74.00942686,A
40.71518432,-74.01286126,A
40.71531336,-74.00734236,A
40.71411978,-74.01285413,A
40.71376254,-74.01029405,A
40.71244092,-74.00911262,A
40.71683832,-74.0122037,A
40.71244092,-74.00911262,A
40.71593613,-74.01192257,A
40.71524626,-74.00855304,A
40.71501165,-74.01177195,A
40.71403692,-74.00942686,A
40.71589242,-74.00692394,A
40.71064548,-74.0100322,A
40.71536038,-74.00937514,A
40.71551335,-74.00596094,A
40.71376254,-74.01029405,A
40.71472482,-74.0075711,A
40.71370613,-74.00525032,A
40.71551335,-74.00596094,A
40.71376254,-74.01029405,A
40.71403692,-74.00942686,A
40.71403692,-74.00942686,A
40.71551335,-74.00596094,A
40.71403692,-74.00942686,A
40.71460002,-74.01053494,A
40.71501165,-74.01177195,A
40.71531336,-74.00734236,A
40.71403692,-74.00942686,A
40.71064548,-74.0100322,A
40.71621173,-74.01255389,A
40.71551335,-74.00596094,A
40.72902703,-73.98323668,A
40.72693726,-73.97828867,A
40.72262338,-73.98621695,A
40.72262338,-73.98621695,A
40.72923784,-73.97831885,A
40.72857739,-73.97880483,A
40.72215178,-73.98046814,A
40.72966619,-73.98261457,A
40.72849679,-73.98385074,A
40.72902163,-73.98423949,A
40.73209716,-73.97852169,A
40.72926474,-73.98180128,A
40.72950589,-73.98040502,A
40.72697129,-73.98008425,A
40.73366973,-73.97717002,A
40.72481328,-73.98066503,A
40.72347444,-73.98304708,A
40.72260059,-73.98476219,A
40.72255918,-73.98466269,A
40.72376362,-73.98231727,A
40.72688835,-73.98311615,A
40.72393138,-73.98489604,A
40.72393138,-73.98489604,A
40.72916936,-73.98413337,A
40.7305727,-73.98278473,A
40.72462104,-73.98189407,A
40.72249137,-73.9845,A
40.72673379,-73.98509034,A
40.72393138,-73.98489604,A
40.72376362,-73.98231727,A
40.73021957,-73.9820923,A
40.72371152,-73.97895252,A
40.72926474,-73.98180128,A
40.7211558,-73.97942668,A
40.730093,-73.98179373,A
40.72202232,-73.98148017,A
40.72504877,-73.98289797,A
40.72238572,-73.98234853,A
40.7212519,-73.98155368,A
40.72394546,-73.9840136,A
40.72343664,-73.98470728,A
40.72650198,-73.98468096,A
40.72460185,-73.98373968,A
40.72484899,-73.9812386,A
40.73432712,-73.98012758,A
40.72258839,-73.97895965,A
40.72288021,-73.98353248,A
40.72535207,-73.97635455,A
40.72481328,-73.98066503,A
40.72842228,-73.98353197,A
40.7257088,-73.97890558,A
40.72238572,-73.98234853,A
40.73138331,-73.97719458,A
40.72376408,-73.97984327,A
40.722435,-73.98427909,A
40.73068862,-73.98055648,A
40.72885022,-73.97832153,A
40.72863841,-73.98019002,A
40.72729265,-73.9845119,A
40.72481504,-73.97878857,A
40.72960329,-73.978517,A
40.72888119,-73.97877793,A
40.73027095,-73.9822135,A
40.72478696,-73.97673148,A
40.72894782,-73.98105261,A
40.72863841,-73.98019002,A
40.7313862,-73.97719115,A
40.72608599,-73.97994259,A
40.72465683,-73.98211803,A
40.73151721,-73.97432521,A
40.73004137,-73.98167186,A
40.72867633,-73.98041801,A
40.72415522,-73.97913449,A
40.73852088,-73.98769434,A
40.73907002,-73.98173271,A
40.73907002,-73.98173271,A
40.73874128,-73.98753249,A
40.74110724,-73.99244965,A
40.73905321,-73.98565603,A
40.73905321,-73.98565603,A
40.73920224,-73.98204008,A
40.74315247,-73.99127233,A
40.73789454,-73.98304172,A
40.73647724,-73.98147891,A
40.74444597,-73.99158581,A
40.73924285,-73.9862612,A
40.73647724,-73.98147891,A
40.73778235,-73.98264089,A
40.73977691,-73.98930015,A
40.74345116,-73.9919811,A
40.73635307,-73.98118538,A
40.73809965,-73.98076066,A
40.73838723,-73.98420227,A
40.74050291,-73.98909412,A
40.74399866,-73.99137316,A
40.74444597,-73.99158581,A
40.73852088,-73.98769434,A
40.73924285,-73.9862612,A
40.74308872,-73.98728321,A
40.73767753,-73.98253587,A
40.74063496,-73.99132714,A
40.74058216,-73.99134315,A
40.7402908,-73.98460854,A
40.73905321,-73.98565603,A
40.73840747,-73.98206271,A
40.74427895,-73.99023054,A
40.74444597,-73.99158581,A
40.74050291,-73.98909412,A
40.73855315,-73.98642884,A
40.73994333,-73.98644653,A
40.74377411,-73.98792744,A
40.73852088,-73.98769434,A
40.73911407,-73.98373875,A
40.73809965,-73.98076066,A
40.74063496,-73.99132714,A
40.73959066,-73.9810464,A
40.73669593,-73.9728976,A
40.74298407,-73.991014,A
40.73605228,-73.98047426,A
40.74026054,-73.98070442,A
40.73784069,-73.98390958,A
40.73979484,-73.98536241,A
40.73830693,-73.98354832,A
40.74345116,-73.9919811,A
40.73827868,-73.98394378,A
40.74063496,-73.99132714,A
40.73994333,-73.98644653,A
40.74063496,-73.99132714,A
40.74069917,-73.990252,A
40.74259193,-73.99213893,A
40.73778235,-73.98264089,A
40.74345116,-73.9919811,A
40.73852088,-73.98769434,A
40.74259193,-73.99213893,A
40.74330158,-73.98833799,A
40.73740948,-73.97983178,A
40.74044046,-73.99037915,A
40.74399866,-73.99137316,A
40.73669564,-73.98020746,A
40.73710388,-73.97404777,A
40.74255287,-73.99190407,A
40.74308872,-73.98728321,A
40.73849297,-73.99745063,A
40.73979983,-74.00059661,A
40.74036796,-73.99795966,A
40.74789042,-74.00266543,A
40.7437384,-74.00611223,A
40.74006386,-73.99738726,A
40.74202099,-73.99479675,A
40.73711008,-74.00030223,A
40.74279812,-73.99458443,A
40.73929428,-73.99738474,A
40.74387092,-73.99901963,A
40.74015925,-74.00225212,A
40.74036796,-73.99795966,A
40.74232262,-73.99897999,A
40.73500823,-73.99731006,A
40.73526778,-73.9980589,A
40.73839813,-74.00155172,A
40.74150647,-74.00251472,A
40.73326434,-73.99563829,A
40.74020937,-73.99211345,A
40.73325206,-73.99688485,A
40.74211751,-74.00076156,A
40.73639904,-74.00058688,A
40.73566387,-74.00053039,A
40.73265614,-73.99722331,A
40.73334874,-73.99904185,A
40.73711008,-74.00030223,A
40.73892862,-73.99638696,A
40.74581406,-74.0036301,A
40.73849297,-73.99745063,A
40.74371049,-73.99261385,A
40.73816025,-73.99650641,A
40.7383796,-73.99510495,A
40.74436277,-74.00563413,A
40.73648873,-73.99328599,A
40.73894681,-73.99935885,A
40.73301288,-73.99582186,A
40.73798695,-73.99825923,A
40.74015925,-74.00225212,A
40.73837264,-74.00149054,A
40.7324155,-73.9989618,A
40.74073479,-74.00276333,A
40.73648873,-73.99328599,A
40.7422336,-73.99890992,A
40.73714206,-73.99638671,A
40.73205701,-74.00005572,A
40.73798666,-73.99609603,A
40.73976404,-73.99837121,A
40.74018406,-74.00134025,A
40.73642616,-73.99882249,A
40.7437384,-74.00611223,A
40.74435921,-73.99632494,A
40.74492042,-74.00699116,A
40.74081417,-73.99723706,A
40.73849297,-73.99745063,A
40.73970248,-73.99836618,A
40.73562724,-73.99677898,A
40.73997195,-74.00099123,A
40.74043153,-74.00009704,A
40.73928053,-74.0014669,A
40.73591415,-73.99758407,A
40.7448941,-74.00507967,A
40.74268354,-73.99983821,A
40.73711008,-74.00030223,A
40.7372475,-73.99450682,A
40.74290269,-73.99496841,A
40.74399753,-73.99737955,A
40.73987338,-73.99318315,A
40.7397161,-74.00026745,A
40.73968075,-74.0024938,A
40.74086864,-73.99391361,A
40.7372475,-73.99450682,A
40.73301288,-73.99582186,A
40.73915702,-73.99705475,A
40.74127278,-74.00195422,A
40.73955965,-74.00212756,A
40.74492042,-74.00699116,A
40.74092586,-74.00161149,A
40.74019491,-73.99953671,A
40.73955454,-73.99989454,A
40.74212061,-73.99681519,A
40.73301288,-73.99582186,A
40.73822387,-73.99995774,A
40.74315632,-73.99554014,A
40.74387092,-73.99901963,A
40.73914709,-74.00115115,A
40.74565141,-74.00324906,A
40.74729539,-74.00123455,A
40.74848872,-74.00599966,A
40.7437384,-74.00611223,A
40.73976404,-73.99837121,A
40.73704281,-73.99402662,A
40.73648873,-73.99328599,A
40.74229936,-74.00270566,A
40.74461046,-73.99488819,A
40.74162566,-73.99563444,A
40.74231644,-73.99888025,A
40.73564999,-73.9949472,A
40.74268446,-73.9944577,A
40.74848872,-74.00599966,A
40.74086496,-74.0016565,A
40.74804029,-74.00508319,A
40.74309493,-73.99732398,A
40.74365685,-74.00033601,A
40.7458345,-73.99786805,A
40.7458345,-73.99786805,A
40.73619599,-73.99811674,A
40.74202099,-73.99479675,A
40.74804029,-74.00508319,A
40.74848872,-74.00599966,A
40.73270204,-73.99604448,A
40.74253267,-73.99585806,A
40.7458345,-73.99786805,A
40.74410582,-73.99778247,A
40.73950039,-73.99411815,A
40.7458345,-73.99786805,A
40.72873643,-73.99730998,A
40.72522613,-73.99472852,A
40.72127671,-73.99678812,A
40.7211602,-73.99473321,A
40.72439859,-74.00405707,A
40.72109657,-73.99652802,A
40.72587003,-74.00174803,A
40.72452042,-74.00395096,A
40.72345977,-73.99468359,A
40.72495749,-73.99828563,A
40.72100094,-73.99596368,A
40.72100094,-73.99596368,A
40.72336057,-73.99383895,A
40.72338454,-73.99582831,A
40.72820665,-73.99441931,A
40.7280075,-73.99570308,A
40.72941273,-73.99886214,A
40.72440349,-73.99428512,A
40.72576534,-73.99428093,A
40.72379555,-73.99373074,A
40.72208036,-73.99664856,A
40.7276459,-74.00278479,A
40.72143764,-73.99369277,A
40.72517488,-74.00331,A
40.72537546,-73.99287427,A
40.72251903,-73.99606082,A
40.72689711,-73.99291015,A
40.72443157,-74.00294941,A
40.72868472,-74.00013803,A
40.72358018,-74.00062846,A
40.72567729,-74.00197954,A
40.72220471,-73.99715424,A
40.72345512,-73.99659509,A
40.72162363,-73.99774399,A
40.72354845,-73.9937672,A
40.72449037,-74.00297162,A
40.7267099,-73.99613844,A
40.72861012,-73.99518843,A
40.72578169,-73.99241788,A
40.72266705,-74.00026862,A
40.73119461,-74.00005087,A
40.72821051,-73.99981172,A
40.72943879,-74.00099181,A
40.72387832,-73.99633416,A
40.72416846,-73.99438386,A
40.72459837,-74.00395591,A
40.73084729,-74.00091168,A
40.73007418,-74.00037516,A
40.72208862,-73.99843399,A
40.72345977,-73.99468359,A
40.7267099,-73.99613844,A
40.72225395,-73.99523101,A
40.72644239,-73.99919758,A
40.7245938,-73.9975036,A
40.72932886,-74.00156832,A
40.7245938,-73.9975036,A
40.72537294,-73.99264436,A
40.72251295,-73.99703497,A
40.71712284,-74.00466284,A
40.71887366,-74.01077173,A
40.71901841,-74.00347797,A
40.71730528,-74.00505586,A
40.72470943,-74.00607686,A
40.71587407,-74.00360864,A
40.71587407,-74.00360864,A
40.72520882,-74.00768149,A
40.72104189,-74.00265679,A
40.71887366,-74.01077173,A
40.71949656,-73.99625763,A
40.71757509,-74.00212438,A
40.71902629,-73.99994483,A
40.71807184,-73.99762656,A
40.72448429,-74.0065755,A
40.71757509,-74.00212438,A
40.7199206,-74.00798718,A
40.71587407,-74.00360864,A
40.71834484,-74.00384216,A
40.71707658,-74.00952107,A
40.72520882,-74.00768149,A
40.71907088,-73.99666373,A
40.71712284,-74.00466284,A
40.71979017,-74.00712787,A
40.71891946,-73.99752841,A
40.72000827,-74.00890785,A
40.72212738,-74.01009867,A
40.7215505,-74.00443309,A
40.72549534,-74.00535616,A
40.71944392,-74.00259879,A
40.72375121,-74.01030989,A
40.71754735,-74.01065321,A
40.72345667,-74.00612573,A
40.71887366,-74.01077173,A
40.72432776,-74.00544721,A
40.72141287,-74.00129306,A
40.71707658,-74.00952107,A
40.72143852,-74.00925763,A
40.71914959,-74.00363027,A
40.72520882,-74.00768149,A
40.71694741,-74.0039689,A
40.71957346,-74.00687725,A
40.72520882,-74.00768149,A
40.72520882,-74.00768149,A
40.7201542,-74.01078028,A
40.72225244,-74.0038228,A
40.71924782,-74.0080337,A
40.71887366,-74.01077173,A
40.71855116,-74.0042828,A
40.71949995,-73.99790987,A
40.71713462,-74.00455789,A
40.71855967,-74.00417098,A
40.71616043,-74.00421859,A
40.72449221,-74.00611374,A
40.72213128,-74.00048177,A
40.71925658,-74.00386094,A
40.72183419,-74.00418641,A
40.71587407,-74.00360864,A
40.7169304,-74.00587352,A
40.71587407,-74.00360864,A
40.72327818,-74.00953146,A
40.72083293,-73.99948366,A
40.71587407,-74.00360864,A
40.71408616,-73.99873784,A
40.71865715,-73.99540938,A
40.72036618,-74.00108686,A
40.72043696,-73.9966173,A
40.71712284,-74.00466284,A
40.71919477,-74.00455672,A
40.7185727,-73.99502004,A
40.71716169,-74.00461623,A
40.71930843,-73.9971752,A
40.718703,-74.00798886,A
40.71837271,-74.0073722,A
40.71660707,-74.00480908,A
40.72136639,-74.00906442,A
40.72083293,-73.99948366,A
40.72083293,-73.99948366,A
40.71720444,-74.00470835,A
40.71646461,-74.00486828,A
40.73758558,-74.00886116,A
40.73264139,-74.00887315,A
40.73260539,-74.00505167,A
40.7367699,-74.00444004,A
40.73461516,-74.00309441,A
40.73668679,-74.0049769,A
40.73668679,-74.0049769,A
40.73272567,-74.00448816,A
40.73811494,-74.00846847,A
40.73492018,-74.00771066,A
40.72738607,-74.0083388,A
40.7357986,-74.00137311,A
40.73383531,-74.00550379,A
40.73240615,-74.00177552,A
40.7366373,-74.0049381,A
40.73200533,-74.00777294,A
40.73306081,-74.00188629,A
40.73757641,-74.00756356,A
40.73395517,-74.00472704,A
40.73200533,-74.00777294,A
40.73527029,-74.00534881,A
40.73680686,-74.00384334,A
40.73836125,-74.00552265,A
40.73046629,-74.00209998,A
40.7369346,-74.00766892,A
40.73203303,-74.00342365,A
40.73566121,-74.00206279,A
40.73566701,-74.00222429,A
40.73940823,-74.00378307,A
40.73285513,-74.00426017,A
40.73711921,-74.00202539,A
40.73513153,-74.00141149,A
40.73722307,-74.00511915,A
40.73273359,-74.00464532,A
40.73299968,-74.00695529,A
40.73264139,-74.00887315,A
40.73751865,-74.00692503,A
40.73211199,-74.00522467,A
40.73406028,-74.00440886,A
40.7375236,-74.00474204,A
40.73406028,-74.00440886,A
40.7365482,-74.00200795,A
40.73415709,-74.00343497,A
40.73316652,-74.00326105,A
40.73433274,-74.00615481,A
40.73539103,-74.00326423,A
40.7277521,-74.00389698,A
40.73378611,-74.00180343,A
40.73129224,-74.00361719,A
40.73456252,-74.00101402,A
40.73566701,-74.00222429,A
40.73533592,-74.00835087,A
40.72954516,-74.00298645,A
40.7342169,-74.00340739,A
40.73471302,-74.0061497,A
40.73291276,-74.00575198,A
40.73273816,-74.00834417,A
40.73125172,-74.00374384,A
40.73509222,-74.00655891,A
40.73872347,-74.00527513,A
40.73543713,-74.00904129,A
40.73319627,-74.00537194,A
40.73499688,-74.00019193,A
40.73456252,-74.00101402,A
40.73140041,-74.00227181,A
40.73166503,-74.00153655,A
40.72910213,-74.00436788,A
40.73019421,-74.00522208,A
40.73368988,-74.00683802,A
40.73423592,-74.00770731,A
40.73320063,-74.00226729,A
40.73878193,-74.00884884,A
40.72700377,-74.00381182,A
40.73878193,-74.00884884,A
40.7381144,-74.0086952,A
40.73164126,-74.00593378,A
40.73471302,-74.0061497,A
40.72910213,-74.00436788,A
40.72721235,-74.00650937,A
40.73200533,-74.00777294,A
40.73078011,-74.004389,A
40.73195152,-74.00935553,A
40.73335419,-74.00468949,A
40.73517998,-74.00109156,A
40.73688268,-74.00329306,A
40.73014669,-74.00518913,A
40.73715597,-74.00579691,A
40.72738607,-74.0083388,A
40.73329321,-74.00509543,A
40.73878193,-74.00884884,A
40.73489604,-74.00153228,A
40.72839617,-74.00343816,A
40.72839617,-74.00343816,A
40.73162249,-74.00478781,A
40.73581524,-74.00636118,A
40.73062651,-74.00379413,A
40.7370452,-74.00140957,A
40.73383531,-74.00550379,A
40.73522708,-74.00077983,A
40.73878193,-74.00884884,A
40.72844759,-74.00339742,A
40.74971043,-73.98159399,A
40.74165764,-73.98316183,A
40.7411393,-73.97883392,A
40.74183655,-73.98309855,A
40.7411393,-73.97883392,A
40.74415322,-73.98560415,A
40.74430594,-73.97879326,A
40.74483069,-73.98565628,A
40.74408453,-73.97826269,A
40.74517091,-73.97894741,A
40.74252047,-73.97823687,A
40.74865749,-73.9735151,A
40.74483065,-73.97814694,A
40.74344839,-73.98385786,A
40.74690739,-73.97686174,A
40.74914117,-73.98041273,A
40.74661897,-73.98014795,A
40.74447371,-73.97522224,A
40.74350434,-73.97277489,A
40.74112514,-73.9807097,A
40.74210565,-73.977798,A
40.7449402,-73.98605191,A
40.74597331,-73.97860568,A
40.74748331,-73.98219548,A
40.74423248,-73.98055355,A
40.7451785,-73.97686987,A
40.7451785,-73.97686987,A
40.74350434,-73.97277489,A
40.74420947,-73.98035473,A
40.74554747,-73.97217676,A
40.7415835,-73.97599522,A
40.74720189,-73.97106775,A
40.74161778,-73.98115126,A
40.74350434,-73.97277489,A
40.74728931,-73.97218715,A
40.74914553,-73.97639872,A
40.7451785,-73.97686987,A
40.74407825,-73.98340432,A
40.74350434,-73.97277489,A
40.74359256,-73.9860038,A
40.74554747,-73.97217676,A
40.74548532,-73.98531405,A
40.74752966,-73.98520064,A
40.74280353,-73.98086544,A
40.74209471,-73.97918084,A
40.74720189,-73.97106775,A
40.74584851,-73.97844969,A
40.74161849,-73.98188728,A
40.7449402,-73.98605191,A
40.74407058,-73.97425757,A
40.74344701,-73.98444644,A
40.74868549,-73.97343756,A
40.74418277,-73.98029027,A
40.74297502,-73.98331245,A
40.74350434,-73.97277489,A
40.74418277,-73.98029027,A
40.74436164,-73.98749326,A
40.74690739,-73.97686174,A
40.75173193,-73.98214452,A
40.7417757,-73.98032925,A
40.74038682,-73.97903483,A
40.74164347,-73.97613679,A
40.75173193,-73.98214452,A
40.74495131,-73.9742931,A
40.74483065,-73.97814694,A
40.74350434,-73.97277489,A
40.74280353,-73.98086544,A
40.74597331,-73.97860568,A
40.74862011,-73.97901077,A
40.74384594,-73.97572079,A
40.74722796,-73.97379773,A
40.74865749,-73.9735151,A
40.74760158,-73.97853141,A
40.74418277,-73.98029027,A
40.74377507,-73.97569414,A
40.74529367,-73.97699426,A
40.75471413,-73.97208305,A
40.74893535,-73.97223619,A
40.75117676,-73.96934091,A
40.7528769,-73.96955297,A
40.7528769,-73.96955297,A
40.75377598,-73.96972371,A
40.75276877,-73.97121703,A
40.75241996,-73.9674533,A
40.75270624,-73.96724736,A
40.75175574,-73.96894713,A
40.75471413,-73.97208305,A
40.75402497,-73.9683982,A
40.74813262,-73.97111645,A
40.75313984,-73.97031363,A
40.75231049,-73.97413175,A
40.75314797,-73.98015013,A
40.75127776,-73.97153948,A
40.75231049,-73.97413175,A
40.7501716,-73.96887647,A
40.74813262,-73.97111645,A
40.75072837,-73.97024431,A
40.75672977,-73.99456683,A
40.75636277,-73.99738231,A
40.7545475,-73.99513068,A
40.75636277,-73.99738231,A
40.75636277,-73.99738231,A
40.75609329,-73.99428797,A
40.7551758,-73.99281577,A
40.75675751,-73.99831933,A
40.74996536,-73.9835028,A
40.75675751,-73.99831933,A
40.75660479,-73.99397935,A
40.75556669,-73.99848328,A
40.7515412,-73.9861084,A
40.75150713,-73.98403665,A
40.76773642,-73.9832252,A
40.76533949,-73.98161143,A
40.76862947,-73.98952168,A
40.76380833,-73.98395451,A
40.7708187,-73.9925219,A
40.76380833,-73.98395451,A
40.76775042,-73.99137291,A
40.7708187,-73.9925219,A
40.76340226,-73.99075139,A
40.76923083,-73.98478197,A
40.76949545,-73.98743576,A
40.76077006,-73.97988636,A
40.76418576,-73.97694086,A
40.76535734,-73.97551887,A
40.76512458,-73.97915536,A
40.76770558,-73.98122569,A
40.76512458,-73.97915536,A
40.76576848,-73.98263109,A
40.76426447,-73.99070764,A
40.76246433,-73.98647385,A
40.76511951,-73.98901726,A
40.77073031,-73.99245091,A
40.76489085,-73.98263318,A
40.76533949,-73.98161143,A
40.76576848,-73.98263109,A
40.76340226,-73.99075139,A
40.76462137,-73.98396859,A
40.76543387,-73.98575318,A
40.77230303,-73.99192104,A
40.76195241,-73.98539033,A
40.77230303,-73.99192104,A
40.76939289,-73.98719495,A
40.76517532,-73.98520996,A
40.76658072,-73.9784191,A
40.763019,-73.98789844,A
40.76246433,-73.98647385,A
40.76642352,-73.98626565,A
40.766873,-73.98314247,A
40.77084292,-73.98855936,A
40.76134145,-73.9858743,A
40.76568772,-73.97840988,A
40.76246433,-73.98647385,A
40.7639742,-73.97853619,A
40.76521632,-73.97937128,A
40.76174244,-73.9848792,A
40.7668238,-73.9891735,A
40.76098674,-73.97736875,A
40.76590028,-73.9544052,A
40.76652616,-73.95290039,A
40.77274142,-73.96475827,A
40.77016369,-73.9637884,A
40.76605241,-73.95179046,A
40.76886986,-73.96073722,A
40.76944168,-73.95389817,A
40.76750755,-73.95618275,A
40.76741443,-73.95728203,A
40.76992221,-73.95504616,A
40.77417615,-73.96499414,A
40.76944084,-73.95981278,A
40.76766304,-73.96159536,A
40.76590028,-73.9544052,A
40.77003612,-73.95909738,A
40.77199933,-73.9633248,A
40.77012455,-73.96157792,A
40.76764862,-73.96170114,A
40.76992221,-73.95504616,A
40.76867742,-73.95587614,A
40.7698544,-73.96293118,A
40.77309363,-73.96058215,A
40.77015284,-73.95937424,A
40.76992221,-73.95504616,A
40.76996425,-73.9571247,A
40.77136813,-73.96452198,A
40.77119479,-73.95609675,A
40.76766304,-73.96159536,A
40.76784664,-73.9583099,A
40.76958631,-73.96028996,A
40.76858366,-73.94989229,A
40.76036051,-73.96176861,A
40.75986053,-73.96667597,A
40.75804556,-73.9644675,A
40.75610339,-73.9655595,A
40.75685315,-73.96539488,A
40.75926601,-73.96227974,A
40.75947635,-73.96979848,A
40.76276721,-73.97008195,A
40.76333353,-73.96932021,A
40.75749935,-73.96707059,A
40.75523309,-73.9693099,A
40.76328915,-73.97160075,A
40.75878426,-73.96569386,A
40.75878333,-73.97297983,A
40.75738171,-73.96470211,A
40.75946977,-73.97441179,A
40.75839123,-73.95998201,A
40.75878333,-73.97297983,A
40.75741926,-73.96493312,A
40.76057706,-73.97363563,A
40.7579715,-73.96032877,A
40.75831763,-73.96093361,A
40.75738171,-73.96470211,A
40.75545844,-73.96504141,A
40.75682696,-73.96102321,A
40.75458387,-73.96384816,A
40.75696899,-73.96580743,A
40.75402794,-73.96450413,A
40.76058796,-73.97130529,A
40.78108544,-73.97942291,A
40.77484218,-73.97878312,A
40.76964867,-73.98083158,A
40.77392495,-73.98884635,A
40.77445678,-73.98160179,A
40.77939075,-73.98354497,A
40.76901081,-73.98126827,A
40.78011222,-73.98103945,A
40.77812252,-73.98574815,A
40.76901081,-73.98126827,A
40.77474227,-73.98821151,A
40.77703677,-73.98646841,A
40.77474227,-73.98821151,A
40.77592277,-73.98315982,A
40.77757015,-73.97909568,A
40.78262985,-73.98321748,A
40.77039206,-73.98558336,A
40.77840256,-73.98547196,A
40.77826912,-73.97681128,A
40.77115293,-73.98167471,A
40.78194433,-73.98497324,A
40.76773902,-73.978832,A
40.77845516,-73.98350314,A
40.77016759,-73.98044576,A
40.77672689,-73.97707229,A
40.77592277,-73.98315982,A
40.78316813,-73.97618079,A
40.78593462,-73.97078477,A
40.79103786,-73.97510548,A
40.78484803,-73.97333841,A
40.78719589,-73.97392497,A
40.79057225,-73.97986464,A
40.78201776,-73.97571174,A
40.78719589,-73.97392497,A
40.7831947,-73.97624357,A
40.7831947,-73.97624357,A
40.78621546,-73.97764419,A
40.78287016,-73.98241391,A
40.79110056,-73.97318099,A
40.78353291,-73.97067137,A
40.78560911,-73.97212797,A
40.78591186,-73.97504299,A
40.7846695,-73.98200638,A
40.78615389,-73.97552281,A
40.78612741,-73.97983782,A
40.79174902,-73.97678605,A
40.78612426,-73.97729098,A
40.78683006,-73.97079601,A
40.78666494,-73.97265947,A
40.78218816,-73.98007611,A
40.78432635,-73.97697288,A
40.7855175,-73.98204553,A
40.78799443,-73.97567989,A
40.78799255,-73.9779472,A
40.79506612,-73.96966814,A
40.79665114,-73.97392723,A
40.80328026,-73.96441744,A
40.79902364,-73.96227413,A
40.804903,-73.96453892,A
40.79201314,-73.96750787,A
40.79518451,-73.96217162,A
40.80584977,-73.96287108,A
40.80017598,-73.96097887,A
40.79683491,-73.9728603,A
40.7987617,-73.97292183,A
40.7987617,-73.97292183,A
40.79080631,-73.9653647,A
40.79023181,-73.96734367,A
40.79382279,-73.9742346,A
40.79453823,-73.97551183,A
40.79818394,-73.96441579,A
40.7954721,-73.96974575,A
40.80197997,-73.95757749,A
40.79977423,-73.95603078,A
40.80483757,-73.95029479,A
40.80779702,-73.95160639,A
40.81425058,-73.94722484,A
40.81165072,-73.96073864,A
40.81165072,-73.96073864,A
40.809304,-73.94696525,A
40.80707701,-73.95184125,A
40.80905589,-73.95850512,A
40.80681654,-73.95888365,A
40.81595562,-73.95730248,A
40.81007656,-73.9648203,A
40.77868372,-73.95563914,A
40.77351126,-73.94885679,A
40.77631136,-73.95401845,A
40.77886315,-73.95605609,A
40.7743212,-73.95323768,A
40.77835089,-73.95493099,A
40.7784746,-73.96058391,A
40.77566935,-73.95251265,A
40.77981562,-73.95837227,A
40.78059753,-73.95826439,A
40.77616153,-73.95380388,A
40.77183262,-73.94707489,A
40.78149033,-73.96040261,A
40.77620944,-73.94770328,A
40.77481465,-73.94654171,A
40.77239211,-73.94966213,A
40.77412368,-73.94697774,A
40.77920659,-73.95709017,A
40.77293693,-73.95009178,A
40.77925705,-73.95493652,A
40.77420687,-73.9490251,A
40.77645544,-73.94828825,A
40.77762426,-73.95320432,A
40.77506958,-73.95109351,A
40.78023841,-73.95952545,A
40.77421903,-73.94919727,A
40.79568877,-73.9426479,A
40.79635941,-73.94410761,A
40.78747073,-73.95271121,A
40.79122289,-73.94589379,A
40.78883057,-73.95502655,A
40.78933512,-73.95467057,A
40.79286675,-73.94076423,A
40.78685366,-73.94331342,A
40.81987731,-73.94284563,A
40.81641754,-73.94022037,A
40.82240722,-73.9444133,A
40.8198271,-73.95435968,A
40.83000256,-73.94800997,A
40.82679644,-73.95123734,A
40.82554997,-73.9474084,A
40.82402161,-73.9548838,A
40.82865739,-73.9486599,A
40.85377729,-73.93495264,A
40.84755569,-73.93960594,A
40.8486142,-73.94026275,A
40.85468597,-73.93530158,A
40.86380137,-73.92336005,A
40.79639775,-73.93430816,A
40.79631297,-73.93410615,A
40.75680248,-73.9848087,A
40.75915683,-73.99443306,A
40.75913575,-73.99586762,A
40.75880135,-73.98371688,A
40.76129637,-73.99959101,A
40.76132217,-73.99746697,A
40.76250163,-73.9963712,A
40.75915683,-73.99443306,A
40.76127972,-73.98960609,A
40.76117058,-73.99884336,A
40.75949089,-73.99297905,A
40.75668999,-73.9860618,A
40.75908986,-73.99427456,A
40.7551849,-73.98100651,A
40.75913575,-73.99586762,A
40.76237435,-73.99204933,A
40.7594709,-73.99113008,A
40.76068594,-73.98610983,A
40.76077475,-73.99617691,A
40.76117058,-73.99884336,A
40.76250163,-73.9963712,A
40.76117058,-73.99884336,A
40.7617903,-74.00071446,A
40.76109242,-73.99901268,A
40.76385011,-73.99555674,A
40.76077475,-73.99617691,A
40.7551849,-73.98100651,A
40.71341465,-73.99757367,A
40.71123586,-74.00540882,A
40.7067054,-74.00527974,A
40.71019482,-74.00583882,A
40.70744665,-74.00709032,A
40.70750696,-74.00562307,A
40.70744665,-74.00709032,A
40.70735935,-74.00424927,A
40.70744665,-74.00709032,A
40.7067054,-74.00527974,A
40.71141171,-74.00792298,A
40.7082918,-74.00067841,A
40.70979538,-74.007193,A
40.70878344,-74.00585172,A
40.70744665,-74.00709032,A
40.70794796,-74.00118132,A
40.70813174,-74.00559767,A
40.70979538,-74.007193,A
40.71141171,-74.00792298,A
40.71152277,-74.00748846,A
40.7073687,-74.0025107,A
40.71123586,-74.00540882,A
40.70750696,-74.00562307,A
40.70833471,-74.00662043,A
40.71123586,-74.00540882,A
40.82610611,-73.93886565,A
40.82559878,-73.9386269,A
40.82471756,-73.93855208,A
40.86348361,-73.92711355,A
40.76515949,-73.96196634,A
40.7681235,-73.96866876,A
40.76235545,-73.96275122,A
40.76303493,-73.96045785,A
40.7690049,-73.96742154,A
40.76564614,-73.97196671,A
40.76503648,-73.96716094,A
40.76333647,-73.95635457,A
40.7657168,-73.95893084,A
40.76149656,-73.95862397,A
40.76515949,-73.96196634,A
40.76446308,-73.96969454,A
40.76369396,-73.95995829,A
40.7663164,-73.96242274,A
40.76653902,-73.96731333,A
40.76365988,-73.96179175,A
40.76637227,-73.96059917,A
40.76330474,-73.9630544,A
40.76283967,-73.96180751,A
40.7643003,-73.95957146,A
40.76502496,-73.97090028,A
40.76500556,-73.95931825,A
40.76471592,-73.95862322,A
40.76149656,-73.95862397,A
40.76356852,-73.96368069,A
40.76375439,-73.95830027,A
40.76573038,-73.96879784,A
40.76267954,-73.96545883,A
40.7656391,-73.9703889,A
40.7764663,-73.98933359,A
40.77129337,-73.95012799,A
40.77124266,-73.95228089,A
40.7731215,-73.95447074,A
40.77049436,-73.95233093,A
40.77467685,-73.96102874,A
40.77320922,-73.95482043,A
40.77150296,-73.95076879,A
40.77150296,-73.95076879,A
40.77242098,-73.95294917,A
40.77459672,-73.95809935,A
40.77354751,-73.95965964,A
40.77519707,-73.95951765,A
40.7731215,-73.95447074,A
40.77289381,-73.95180312,A
40.7720492,-73.95206622,A
40.77589847,-73.96315406,A
40.77477005,-73.95836715,A
40.77477005,-73.95836715,A
40.77158581,-73.95506443,A
40.7737892,-73.9597075,A
40.75957802,-73.97804912,A
40.78230735,-73.95426354,A
40.77864446,-73.94518343,A
40.77776906,-73.94753891,A
40.78293491,-73.95199355,A
40.78019084,-73.95004996,A
40.78381756,-73.95471206,A
40.78108167,-73.95526451,A
40.77719586,-73.94421029,A
40.78038752,-73.95362174,A
40.78465689,-73.9502352,A
40.77891817,-73.95024559,A
40.78202535,-73.94786278,A
40.78433292,-73.95711976,A
40.7789587,-73.94825908,A
40.78250663,-73.955306,A
40.78281148,-73.95543055,A
40.7856053,-73.95307306,A
40.78297657,-73.95405207,A
40.78179966,-73.94730732,A
40.78247638,-73.94881949,A
40.78092002,-73.954889,A
40.78035148,-73.95561076,A
40.77966337,-73.94814484,A
40.787812,-73.95576013,A
40.77693812,-73.94642202,A
40.78052054,-73.95212632,A
40.77967338,-73.94728016,A
40.77749874,-73.94601583,A
40.76388217,-73.97326959,A
40.754232,-73.97635095,A
40.75503076,-73.97572901,A
40.7079745,-74.01672741,A
40.70651852,-74.01781102,A
40.7079745,-74.01672741,A
40.71112496,-74.01604579,A
40.7088712,-74.01638996,A
40.7088712,-74.01638996,A
40.70715194,-74.01738221,A
40.71112496,-74.01604579,A
40.70929138,-74.01788319,A
40.70929138,-74.01788319,A
40.71138904,-74.01593851,A
40.7079745,-74.01672741,A
40.7088712,-74.01638996,A
40.7079745,-74.01672741,A
40.7088712,-74.01638996,A
40.71112496,-74.01604579,A
40.70922181,-74.01614277,A
40.71754579,-74.01557406,A
40.71799682,-74.01471953,A
40.71711865,-74.01415903,A
40.71799682,-74.01471953,A
40.7168027,-74.01481474,A
40.71754579,-74.01557406,A
40.71754579,-74.01557406,A
40.71754579,-74.01557406,A
40.63395727,-74.13435376,A
40.57004643,-74.11667364,A
40.57447936,-74.12101052,A
40.57248015,-74.133963,A
40.54696795,-74.21880817,A
40.53497667,-74.20512502,A
40.81003423,-73.9304938,A
40.89146474,-73.90797203,A
41.00933444,-73.75035364,A
40.98787981,-73.73876339,A
40.93488595,-73.76884486,A
41.2566692,-74.36099382,A
40.75591999,-73.66211365,A
40.75070347,-73.93820096,A
40.74883163,-73.93758481,A
40.74406572,-73.95329451,A
40.74530678,-73.94681002,A
40.74754873,-73.95651291,A
40.74754873,-73.95651291,A
40.74754873,-73.95651291,A
40.73858676,-73.96011017,A
40.74654835,-73.95654778,A
40.74754873,-73.95651291,A
40.76047857,-73.91993839,A
40.74870288,-73.91158918,A
40.77407829,-73.91318693,A
40.76213693,-73.92306635,A
40.74709836,-73.95643891,A
40.74476535,-73.9569056,A
40.68657391,-73.99209317,A
40.701496,-73.9853946,A
40.69345486,-73.99211261,A
40.69192655,-73.98436597,A
40.69985428,-73.99459969,A
40.69060196,-73.99556663,A
40.68972944,-73.99804256,A
40.7023093,-73.989605,A
40.70200315,-73.98968228,A
40.68855547,-73.9938024,A
40.70367932,-73.98951716,A
40.701496,-73.9853946,A
40.701496,-73.9853946,A
40.70234924,-73.98531698,A
40.69935378,-73.99575738,A
40.6861717,-73.99328122,A
40.70227313,-73.98673093,A
40.69110022,-73.99488241,A
40.68783606,-73.99162219,A
40.70200315,-73.98968228,A
40.701496,-73.9853946,A
40.70152647,-73.98617672,A
40.69466479,-73.99394213,A
40.69194109,-73.98002482,A
40.701496,-73.9853946,A
40.68996192,-73.9907881,A
40.68729291,-73.98980164,A
40.68751453,-73.9978258,A
40.70304962,-73.98351848,A
40.69854565,-73.99618613,A
40.69203413,-73.98128068,A
40.64254247,-73.94580729,A
40.68851612,-73.96787969,A
40.68890521,-73.96902566,A
40.69080794,-73.97143303,A
40.69486759,-73.97016711,A
40.68975044,-73.95221458,A
40.68793919,-73.97179127,A
40.70748089,-73.94920154,A
40.69503758,-73.95199917,A
40.70659434,-73.94342717,A
40.6999588,-73.93049624,A
40.69964787,-73.93279992,A
40.70136281,-73.93645133,A
40.70770075,-73.94153872,A
40.70582328,-73.94405975,A
40.70036993,-73.94475377,A
40.61908043,-73.95316149,A
40.71109789,-73.95856136,A
40.70982782,-73.95523584,A
40.71811275,-73.94839554,A
40.71255798,-73.95187914,A
40.71370294,-73.96108934,A
40.71321105,-73.94317135,A
40.7130554,-73.94126329,A
40.71406307,-73.95957482,A
40.71811275,-73.94839554,A
40.72022733,-73.95510232,A
40.70926047,-73.95782985,A
40.70671902,-73.9528874,A
40.71881838,-73.95168208,A
40.70874719,-73.95212037,A
40.71345605,-73.95865448,A
40.7143077,-73.9470339,A
40.71881838,-73.95168208,A
40.7174498,-73.9539933,A
40.71562206,-73.94066206,A
40.71509522,-73.95848651,A
40.71066174,-73.95449186,A
40.71919917,-73.95621351,A
40.70768134,-73.96351834,A
40.71679335,-73.95757448,A
40.71245639,-73.9490795,A
40.71066174,-73.95449186,A
40.71230015,-73.95331312,A
40.71270671,-73.96241008,A
40.71130978,-73.94767939,A
40.71509522,-73.95848651,A
40.71407778,-73.96153685,A
40.71309764,-73.95786131,A
40.7126094,-73.95808502,A
40.71250538,-73.96003599,A
40.71303625,-73.95925932,A
40.71289174,-73.95223479,A
40.71700118,-73.95483636,A
40.71368681,-73.94427986,A
40.71772622,-73.95220293,A
40.71456695,-73.9373409,A
40.6705688,-73.94710102,A
40.60821041,-73.99663448,A
40.67018725,-73.98210831,A
40.66713091,-73.97477364,A
40.66078803,-73.99048996,A
40.66186699,-73.97984645,A
40.67221651,-73.99098305,A
40.67627842,-73.98004393,A
40.66967323,-73.99588078,A
40.66924776,-73.97587217,A
40.67193253,-73.98843463,A
40.67074779,-73.95088304,A
40.67032328,-73.95475363,A
40.68681803,-73.97653862,A
40.68716328,-73.97515183,A
40.68515196,-73.98018977,A
40.68808651,-73.97927799,A
40.68203125,-73.97980471,A
40.69202361,-73.91139706,A
40.68643934,-73.92241834,A
40.6896248,-73.91497153,A
40.69587091,-73.91459032,A
40.72110379,-73.94293456,A
40.73097478,-73.95329325,A
40.73172152,-73.96139176,A
40.72612849,-73.94954051,A
40.7334272,-73.95475673,A
40.72000362,-73.94622823,A
40.72965882,-73.95115243,A
40.73172152,-73.96139176,A
40.72793588,-73.95514674,A
40.73689466,-73.95872087,A
40.73722743,-73.95576055,A
40.73486204,-73.95884513,A
40.73466977,-73.96007237,A
40.73205625,-73.95765285,A
40.72646427,-73.94871028,A
40.7198206,-73.94168147,A
40.719013,-73.94685302,A
40.72586668,-73.94220953,A
40.71895144,-73.94853258,A
40.72853531,-73.9590253,A
40.72569556,-73.94399898,A
40.73280509,-73.95673193,A
40.7190195,-73.94236115,A
40.73733526,-73.95466143,A
40.60627993,-73.9703987,A
40.59849536,-73.96986562,A
40.59738178,-73.97667893,A
40.60811598,-73.96879432,A
40.63566701,-73.9604353,A
40.62554121,-73.96929498,A
40.67791906,-73.99375442,A
40.68461724,-73.99848361,A
40.68641323,-73.99827976,A
40.68347705,-74.00256049,A
40.68128614,-74.00023468,A
40.67747426,-73.98964085,A
40.67626622,-73.9980532,A
40.68464092,-73.99856802,A
40.65662745,-74.00372857,A
40.68406877,-73.92995652,A
40.68159719,-73.91930572,A
40.61324365,-73.92030233,A
40.70852347,-73.92407645,A
40.7056678,-73.92018943,A
40.70463318,-73.91970571,A
40.70483548,-73.92852624,A
40.6762026,-73.95593514,A
40.68078176,-73.96695793,A
40.68057351,-73.9678848,A
40.71147617,-73.96729396,A
40.71944078,-73.9633367,A
40.71771188,-73.95997497,A
40.71921417,-73.96425728,A
40.71706467,-73.96247018,A
40.71438213,-73.96321709,A
40.7155584,-73.96640439,A
40.71362147,-73.96723395,A
40.72056416,-73.96310628,A
40.71484062,-73.96492532,A
40.71921417,-73.96425728,A
40.71343384,-73.9624457,A
40.7173993,-73.96438419,A
40.7173993,-73.96438419,A
40.71392435,-73.96527149,A
40.71831789,-73.96391019,A
40.70986521,-73.96724996,A
40.71925189,-73.96413541,A
40.72056416,-73.96310628,A
40.7182565,-73.96389577,A
40.72027159,-73.96315632,A
40.7155584,-73.96640439,A
40.7188835,-73.96097518,A
40.70747255,-73.96838889,A
40.72067367,-73.95632197,A
40.7155584,-73.96640439,A
40.72062334,-73.95684165,A
40.71484062,-73.96492532,A
40.71882005,-73.95787396,A
40.71831789,-73.96391019,A
40.71746051,-73.96165043,A
40.71038388,-73.96854765,A
40.71831789,-73.96391019,A
40.71362147,-73.96723395,A
40.71925189,-73.96413541,A
40.71683602,-73.96356821,A
40.71631659,-73.96146184,A
40.71145395,-73.96327669,A
40.7182565,-73.96389577,A
40.71614195,-73.96223834,A
40.71831789,-73.96391019,A
40.70651534,-73.96528817,A
40.71392435,-73.96527149,A
40.70747255,-73.96838889,A
40.71060269,-73.96630188,A
40.70986521,-73.96724996,A
40.71746051,-73.96165043,A
40.71831789,-73.96391019,A
40.71952594,-73.96391916,A
40.72056416,-73.96310628,A
40.71362147,-73.96723395,A
40.72048843,-73.9594371,A
40.70967812,-73.96853088,A
40.71349168,-73.96260538,A
40.71038388,-73.96854765,A
40.70967812,-73.96853088,A
40.71952594,-73.96391916,A
40.71921417,-73.96425728,A
40.71362147,-73.96723395,A
40.71918882,-73.96075817,A
40.71116411,-73.9674813,A
40.71778619,-73.96233573,A
40.77922193,-73.84513049,A
40.76779581,-73.87417555,A
40.74916828,-73.89458799,A
40.74567584,-73.89622615,A
40.71455899,-73.87550106,A
40.72473751,-73.63652965,A
40.72471312,-73.63663643,A
40.867692,-73.6063962,A
40.58395615,-73.68954745,A
40.65950529,-73.5450218,A
40.64929902,-73.6306806,A
40.80129052,-73.65093135,A
40.65979029,-73.69942267,A
40.65979029,-73.69942267,A
40.69762209,-73.34905895,A
40.74566595,-73.4838154,A
43.04468021,-74.35387597,A
42.71145988,-73.70719968,A
42.65014667,-73.83176412,A
43.30734663,-73.57236928,A
44.89045717,-73.41602134,A
43.07912339,-76.1584051,A
43.08004841,-76.15583018,A
44.20107573,-75.6058371,A
42.45865136,-75.04848278,A
42.11531708,-77.07283787,A
28.90942499,-82.47091243,A
40.75313112,-73.9957786,B
40.75189198,-74.00241246,B
40.75053583,-74.0021595,B
40.7520509,-73.99895426,B
40.7520509,-73.99895426,B
40.75114042,-74.0025262,B
40.7520509,-73.99895426,B
40.75254109,-73.99702743,B
40.75313112,-73.9957786,B
40.75311365,-74.00387804,B
40.7520509,-73.99895426,B
40.75224884,-74.00153018,B
40.74999763,-73.9961542,B
40.75224884,-74.00153018,B
40.75490427,-73.99777241,B
40.75311365,-74.00387804,B
40.75293603,-74.0040787,B
40.74509745,-73.99493673,B
40.75401889,-73.99786452,B
40.75380197,-74.00325166,B
40.74681364,-73.99035132,B
40.7520509,-73.99895426,B
40.74615906,-73.99468552,B
40.7520509,-73.99895426,B
40.75490427,-73.99777241,B
40.75293603,-74.0040787,B
40.75401889,-73.99786452,B
40.75114042,-74.0025262,B
40.75224884,-74.00153018,B
40.75188842,-73.99476171,B
40.7520509,-73.99895426,B
40.75271295,-73.99746278,B
40.75188842,-73.99476171,B
40.74810978,-73.99345698,B
40.75232889,-74.00446075,B
40.75366207,-74.00276635,B
40.74580547,-73.99564894,B
40.75255726,-74.00224172,B
40.74830298,-73.99584222,B
40.75074693,-74.00350831,B
40.74895748,-73.99547183,B
40.75293603,-74.0040787,B
40.7521794,-74.0032442,B
40.7479242,-74.00067464,B
40.74835059,-73.98892692,B
40.74616769,-73.99650682,B
40.75311365,-74.00387804,B
40.75380197,-74.00325166,B
40.75358446,-74.00464942,B
40.75510062,-74.00052033,B
40.75255726,-74.00224172,B
40.7520509,-73.99895426,B
40.75224884,-74.00153018,B
40.75076064,-73.99779646,B
40.7520509,-73.99895426,B
40.75401889,-73.99786452,B
40.75366207,-74.00276635,B
40.74797709,-73.99655477,B
40.75224884,-74.00153018,B
40.7520509,-73.99895426,B
40.74978565,-73.99564885,B
40.75232889,-74.00446075,B
40.75352038,-74.00190653,B
40.75293603,-74.0040787,B
40.72087848,-73.98790582,B
40.71883619,-73.98716301,B
40.71097266,-73.9806049,B
40.72217453,-73.98728271,B
40.71699929,-73.98719268,B
40.73002205,-73.99233658,B
40.7375215,-73.99121441,B
40.73426824,-73.99243381,B
40.73449807,-73.98842843,B
40.73426824,-73.99243381,B
40.72813449,-73.98840278,B
40.73290454,-73.98995662,B
40.73378586,-73.99518843,B
40.72517479,-73.99101081,B
40.73511317,-73.98203647,B
40.70509188,-74.0073603,B
40.70650314,-74.01111556,B
40.70563029,-74.00944563,B
40.70931871,-74.01393649,B
40.71064548,-74.0100322,B
40.71262185,-74.00792868,B
40.71064548,-74.0100322,B
40.71551335,-74.00596094,B
40.72354954,-73.98497148,B
40.73347489,-73.97671464,B
40.72887025,-73.98087122,B
40.73410366,-73.97822363,B
40.72318795,-73.97668044,B
40.72902703,-73.98323668,B
40.73306091,-73.97512928,B
40.73306091,-73.97512928,B
40.73844754,-73.98344614,B
40.74399866,-73.99137316,B
40.74264205,-73.9892517,B
40.73858919,-73.98468323,B
40.7425553,-73.98668927,B
40.73852088,-73.98769434,B
40.74377411,-73.98792744,B
40.74264205,-73.9892517,B
40.73332833,-73.97576312,B
40.74222597,-73.99113252,B
40.74477425,-73.991515,B
40.74014634,-73.98434541,B
40.74848872,-74.00599966,B
40.74720797,-74.00506374,B
40.74461046,-73.99488819,B
40.74804029,-74.00508319,B
40.74717733,-74.00498478,B
40.74449018,-74.00593378,B
40.7422336,-73.99890992,B
40.7480397,-74.00302451,B
40.74334282,-73.99391749,B
40.73410831,-73.99887832,B
40.74724979,-74.00304354,B
40.74780065,-74.00451699,B
40.73849297,-73.99745063,B
40.74848872,-74.00599966,B
40.73818749,-73.9967152,B
40.7429029,-73.99876384,B
40.74565141,-74.00324906,B
40.74140057,-74.0004267,B
40.74327568,-73.9937589,B
40.74492042,-74.00699116,B
40.73624804,-73.99838839,B
40.74848872,-74.00599966,B
40.74666909,-74.00163806,B
40.73704856,-73.99818346,B
40.74818287,-74.0033685,B
40.74492042,-74.00699116,B
40.72591202,-73.99807734,B
40.72522613,-73.99472852,B
40.72567729,-74.00197954,B
40.7313023,-74.00019243,B
40.72129494,-73.99561189,B
40.72260494,-73.99917948,B
40.72853468,-73.99996402,B
40.72567729,-74.00197954,B
40.72545898,-73.99787232,B
40.72760592,-74.00293843,B
40.72191381,-73.9944256,B
40.72587405,-74.00287187,B
40.71979013,-74.00346045,B
40.72106339,-73.99928861,B
40.71887366,-74.01077173,B
40.72449221,-74.00611374,B
40.71716169,-74.00461623,B
40.71991762,-73.99709373,B
40.72210752,-74.00394878,B
40.71712284,-74.00466284,B
40.71887366,-74.01077173,B
40.72024401,-73.9981081,B
40.72520882,-74.00768149,B
40.71712284,-74.00466284,B
40.73699734,-74.00885479,B
40.73264139,-74.00887315,B
40.73316652,-74.00326105,B
40.73405647,-73.99998783,B
40.73121727,-74.01000546,B
40.73493104,-74.00763816,B
40.73741447,-74.0081943,B
40.72997637,-74.00349498,B
40.73727256,-74.00826043,B
40.72954516,-74.00298645,B
40.73543215,-74.00420275,B
40.73368988,-74.00683802,B
40.73741447,-74.0081943,B
40.72999095,-74.00363169,B
40.7277521,-74.00389698,B
40.74053932,-74.00431758,B
40.7449402,-73.98605191,B
40.74054167,-73.97947706,B
40.74252047,-73.97823687,B
40.74324991,-73.9743159,B
40.74678292,-73.97851599,B
40.74860707,-73.97599555,B
40.74054167,-73.97947706,B
40.74407825,-73.98340432,B
40.74344701,-73.98444644,B
40.74661897,-73.98014795,B
40.74355488,-73.97971879,B
40.74870753,-73.98126241,B
40.7449402,-73.98605191,B
40.74692227,-73.98565586,B
40.75073071,-73.97883098,B
40.74418277,-73.98029027,B
40.75166458,-73.97259099,B
40.75127776,-73.97153948,B
40.75166458,-73.97259099,B
40.75166458,-73.97259099,B
40.75675751,-73.99831933,B
40.75556669,-73.99848328,B
40.75636277,-73.99738231,B
40.75815976,-73.99981022,B
40.75675751,-73.99831933,B
40.75631117,-73.99917143,B
40.75284702,-73.98341966,B
40.75675751,-73.99831933,B
40.75745627,-73.99812336,B
40.75556669,-73.99848328,B
40.75675751,-73.99831933,B
40.75745627,-73.99812336,B
40.75636277,-73.99738231,B
40.75815976,-73.99981022,B
40.75631117,-73.99917143,B
40.75850057,-73.99631773,B
40.7562732,-73.99422368,B
40.7551758,-73.99281577,B
40.7561476,-73.99701703,B
40.75745627,-73.99812336,B
40.75539864,-73.99524694,B
40.75247147,-73.98633823,B
40.76558634,-73.98233521,B
40.76743295,-73.98660235,B
40.76291901,-73.97779255,B
40.76355322,-73.97528535,B
40.76669887,-73.9849662,B
40.76923083,-73.98478197,B
40.76673466,-73.97878245,B
40.76682481,-73.98721917,B
40.76418576,-73.97694086,B
40.76819336,-73.99047873,B
40.76489592,-73.99428805,B
40.76434556,-73.98507793,B
40.76923083,-73.98478197,B
40.76775042,-73.99137291,B
40.76962964,-73.98824654,B
40.76183927,-73.9809773,B
40.76923083,-73.98478197,B
40.76337695,-73.98488263,B
40.76434556,-73.98507793,B
40.76355322,-73.97528535,B
40.76094314,-73.97895805,B
40.77230303,-73.99192104,B
40.76737608,-73.99033439,B
40.76434556,-73.98507793,B
40.76608364,-73.98920233,B
40.76288808,-73.97872562,B
40.76889317,-73.95651551,B
40.76958631,-73.96028996,B
40.77323244,-73.96212007,B
40.77142982,-73.96256582,B
40.76958631,-73.96028996,B
40.77046901,-73.95831058,B
40.75930657,-73.97658949,B
40.75695901,-73.96771641,B
40.76029011,-73.97377485,B
40.76014837,-73.9694715,B
40.75666087,-73.9649337,B
40.77252798,-73.98984187,B
40.77094673,-73.98675733,B
40.77459118,-73.98396515,B
40.77342304,-73.98119334,B
40.77170689,-73.99043782,B
40.79115324,-73.97344745,B
40.79120311,-73.97940305,B
40.78623599,-73.96934887,B
40.78349256,-73.97504396,B
40.79355197,-73.9731483,B
40.80382257,-73.96782613,B
40.80408805,-73.96431729,B
40.79355679,-73.96335439,B
40.80994534,-73.95501196,B
40.80681654,-73.95888365,B
40.81359222,-73.94750789,B
40.77639975,-73.94829722,B
40.7746012,-73.95100441,B
40.77868372,-73.95563914,B
40.77639975,-73.94829722,B
40.78002203,-73.95900552,B
40.8244703,-73.94327746,B
40.82916605,-73.94718427,B
40.83886672,-73.94560193,B
40.7617903,-74.00071446,B
40.75908986,-73.99427456,B
40.7603176,-73.98719872,B
40.76140616,-73.99941635,B
40.76129637,-73.99959101,B
40.76001391,-73.99249806,B
40.76062982,-73.99569411,B
40.75976527,-73.98989174,B
40.7067054,-74.00527974,B
40.7098479,-74.00881657,B
40.70744665,-74.00709032,B
40.70750696,-74.00562307,B
40.70651802,-74.00555274,B
40.76905517,-73.94207891,B
40.75871506,-73.97368927,B
40.76446308,-73.96969454,B
40.7632679,-73.9628254,B
40.76565729,-73.96669407,B
40.76354103,-73.96347416,B
40.76320801,-73.96476246,B
40.76658718,-73.96097108,B
40.76301368,-73.96626626,B
40.76564614,-73.97196671,B
40.76615165,-73.95994505,B
40.77390978,-73.95422071,B
40.77520558,-73.96063831,B
40.7728625,-73.95793968,B
40.77249298,-73.95707098,B
40.75370587,-73.98074834,B
40.77701515,-73.94559087,B
40.78263953,-73.95555779,B
40.78164531,-73.95851962,B
40.78257654,-73.95328294,B
40.78162473,-73.95189264,B
40.76388217,-73.97326959,B
40.7582463,-73.97302291,B
40.70922181,-74.01614277,B
40.70813996,-74.01770357,B
40.70951136,-74.0173434,B
40.71718826,-74.01479823,B
40.71547215,-74.01664803,B
40.84060659,-73.87440219,B
40.99635522,-73.74541929,B
40.76012461,-73.92030233,B
40.66585816,-73.98578369,B
40.61546813,-73.96850624,B
40.7851505,-73.78345444,B
40.61106256,-73.73197673,B
40.78031003,-73.61596666,B
40.63549648,-73.72736542,B
40.79772884,-73.37068099,B
43.01354391,-75.00026412,B
40.75311365,-74.00387804,C
40.75253697,-73.99325096,C
40.74721343,-73.99313752,C
40.74681364,-73.99035132,C
40.7479242,-74.00067464,C
40.75255726,-74.00224172,C
40.75293603,-74.0040787,C
40.75255726,-74.00224172,C
40.75114042,-74.0025262,C
40.74615906,-73.99468552,C
40.7469348,-73.98681734,C
40.75380197,-74.00325166,C
40.75311365,-74.00387804,C
40.75311365,-74.00387804,C
40.74615906,-73.99468552,C
40.75224884,-74.00153018,C
40.75255726,-74.00224172,C
40.75408113,-73.99787039,C
40.7494536,-73.99851739,C
40.75188842,-73.99476171,C
40.75433849,-73.99639811,C
40.74807882,-73.99521295,C
40.75401889,-73.99786452,C
40.72331435,-73.99125615,C
40.72178331,-73.98752478,C
40.72067702,-73.98427461,C
40.71965016,-73.98941238,C
40.71699929,-73.98719268,C
40.72227465,-73.98807605,C
40.72994066,-73.99184607,C
40.73208483,-73.98850244,C
40.7351097,-73.99422653,C
40.73304871,-73.99077771,C
40.72357921,-73.98909848,C
40.73158728,-73.9902722,C
40.73562196,-73.99264386,C
40.73579932,-73.99372353,C
40.73561395,-73.98308002,C
40.7308967,-73.99536336,C
40.73837327,-73.99184892,C
40.73052995,-73.98466772,C
40.73245158,-73.99006525,C
40.73313316,-73.99348498,C
40.73245158,-73.99006525,C
40.7070035,-74.0165503,C
40.70650314,-74.01111556,C
40.70646303,-74.00968225,C
40.70753005,-74.00989809,C
40.70664626,-74.0099871,C
40.70664626,-74.0099871,C
40.70459622,-74.00667223,C
40.70907127,-74.01314222,C
40.70729401,-74.01210303,C
40.71006449,-74.01465616,C
40.70729401,-74.01210303,C
40.70652753,-74.01592929,C
40.71551335,-74.00596094,C
40.71571741,-74.01107943,C
40.71403692,-74.00942686,C
40.71518432,-74.01286126,C
40.71403692,-74.00942686,C
40.71064548,-74.0100322,C
40.71524681,-74.01122771,C
40.71464038,-74.00906996,C
40.71494095,-74.00639982,C
40.71365257,-74.0084735,C
40.71376254,-74.01029405,C
40.7303629,-73.97981007,C
40.72280699,-73.98572317,C
40.72705494,-73.97991853,C
40.72767067,-73.9817307,C
40.72746167,-73.98305353,C
40.72622869,-73.98566701,C
40.72743439,-73.98117431,C
40.73018491,-73.98186993,C
40.74016541,-73.98830362,C
40.73680879,-73.98033763,C
40.74399866,-73.99137316,C
40.74058216,-73.99134315,C
40.73767753,-73.98253587,C
40.73894974,-73.98130993,C
40.74063496,-73.99132714,C
40.73669593,-73.9728976,C
40.73778235,-73.98264089,C
40.73844754,-73.98344614,C
40.74005858,-73.98805334,C
40.74050291,-73.98909412,C
40.7409656,-73.99931436,C
40.74073479,-74.00276333,C
40.74832054,-74.00560002,C
40.74025354,-74.00163672,C
40.74461046,-73.99488819,C
40.7422336,-73.99890992,C
40.74493639,-74.00518008,C
40.74581406,-74.0036301,C
40.74130568,-73.99852879,C
40.74510168,-73.99859501,C
40.7442088,-74.00165633,C
40.74278706,-73.99826116,C
40.73448491,-73.998047,C
40.73639904,-74.00058688,C
40.73513803,-73.99562622,C
40.73639904,-74.00058688,C
40.74275412,-73.99818245,C
40.73955454,-73.99989454,C
40.74606761,-74.00160679,C
40.73801495,-73.99424514,C
40.7437384,-74.00611223,C
40.74738361,-74.00739182,C
40.74039666,-73.99987333,C
40.73333621,-73.99886583,C
40.73583972,-73.99741006,C
40.74492042,-74.00699116,C
40.74561121,-74.00138157,C
40.74322501,-73.99363912,C
40.74195725,-73.99642552,C
40.74739124,-74.0033892,C
40.73822387,-73.99995774,C
40.74475634,-73.99920798,C
40.73526778,-73.9980589,C
40.74753557,-74.00388122,C
40.73767586,-73.9934455,C
40.7443986,-74.00026032,C
40.74780065,-74.00451699,C
40.72592921,-74.00275495,C
40.72491328,-74.0005153,C
40.72440349,-73.99428512,C
40.72665495,-73.9918262,C
40.72576534,-73.99428093,C
40.72576534,-73.99428093,C
40.72462226,-73.9934072,C
40.72247079,-73.99922214,C
40.72568249,-73.99400248,C
40.72343903,-73.99846718,C
40.72671187,-73.99627431,C
40.72669188,-73.99570836,C
40.7243382,-74.00144569,C
40.7280075,-73.99570308,C
40.71837271,-74.0073722,C
40.71587407,-74.00360864,C
40.72183419,-74.00418641,C
40.72212738,-74.01009867,C
40.7243198,-74.01021115,C
40.72479006,-74.00776003,C
40.7204811,-74.00482712,C
40.71712284,-74.00466284,C
40.72520882,-74.00768149,C
40.7208468,-74.00289937,C
40.72002554,-74.00956868,C
40.72552193,-74.00914179,C
40.71716169,-74.00461623,C
40.71712284,-74.00466284,C
40.71712284,-74.00466284,C
40.72520882,-74.00768149,C
40.7190366,-74.0035172,C
40.72520882,-74.00768149,C
40.7219408,-74.00977798,C
40.71650916,-74.00997068,C
40.72481659,-74.00856922,C
40.71557814,-74.00791124,C
40.72304122,-74.00807067,C
40.73816255,-74.00590964,C
40.73524737,-74.00101302,C
40.73527105,-74.00085611,C
40.73078011,-74.004389,C
40.73078011,-74.004389,C
40.73406028,-74.00440886,C
40.73395123,-74.00029092,C
40.73103372,-74.00151422,C
40.72726092,-74.00644147,C
40.73816255,-74.00590964,C
40.72973765,-74.00391567,C
40.73706767,-74.00236401,C
40.73878193,-74.00884884,C
40.73378611,-74.00180343,C
40.73452414,-74.0008981,C
40.73200533,-74.00777294,C
40.73268741,-74.0013317,C
40.73623358,-74.00333347,C
40.73566701,-74.00222429,C
40.72997637,-74.00349498,C
40.72985726,-74.00693182,C
40.73395706,-74.00507212,C
40.73327427,-74.00522149,C
40.73378611,-74.00180343,C
40.73160581,-74.00615968,C
40.73347091,-74.00355818,C
40.73872674,-74.0089848,C
40.72700968,-74.00443158,C
40.74477474,-73.98093266,C
40.7451785,-73.97686987,C
40.7449402,-73.98605191,C
40.74554747,-73.97217676,C
40.74384594,-73.97572079,C
40.74624732,-73.97980278,C
40.74837288,-73.97282392,C
40.74291949,-73.97920976,C
40.74883883,-73.97381282,C
40.74865749,-73.9735151,C
40.74434475,-73.98463101,C
40.74626169,-73.98399499,C
40.74680702,-73.98460595,C
40.74658528,-73.9724143,C
40.74692227,-73.98565586,C
40.75494178,-73.97248907,C
40.75353123,-73.96722917,C
40.75166458,-73.97259099,C
40.7528769,-73.96955297,C
40.75361643,-73.97144602,C
40.75499999,-73.99428805,C
40.75675751,-73.99831933,C
40.75675751,-73.99831933,C
40.75595323,-73.99642032,C
40.75815976,-73.99981022,C
40.75675751,-73.99831933,C
40.75556669,-73.99848328,C
40.75686551,-73.99465199,C
40.76923083,-73.98478197,C
40.76625911,-73.9869569,C
40.76862947,-73.98952168,C
40.76576848,-73.98263109,C
40.76923083,-73.98478197,C
40.76337695,-73.98488263,C
40.77061523,-73.99202318,C
40.7651281,-73.98710484,C
40.7581518,-73.97908655,C
40.76964381,-73.9650591,C
40.76810087,-73.96069539,C
40.76766304,-73.96159536,C
40.76822131,-73.95573331,C
40.76721067,-73.96053773,C
40.77265861,-73.96284829,C
40.77149436,-73.95681156,C
40.77007099,-73.95525998,C
40.76810087,-73.96069539,C
40.75778249,-73.9637019,C
40.76078393,-73.9667789,C
40.754915,-73.96675643,C
40.75823418,-73.96873174,C
40.77342304,-73.98119334,C
40.77039206,-73.98558336,C
40.76964867,-73.98083158,C
40.77625671,-73.97824282,C
40.77459118,-73.98396515,C
40.77039206,-73.98558336,C
40.77711036,-73.97800637,C
40.77777819,-73.97564008,C
40.7790416,-73.98257116,C
40.78544462,-73.98212574,C
40.8030293,-73.96577189,C
40.80437297,-73.9613082,C
40.79289575,-73.97365683,C
40.77438667,-73.95339467,C
40.77818006,-73.96041125,C
40.77835089,-73.95493099,C
40.77817914,-73.95252346,C
40.78061291,-73.95672179,C
40.82881321,-73.94886853,C
40.76095751,-73.99876886,C
40.76068594,-73.98610983,C
40.76204771,-73.99141524,C
40.75775131,-73.97927833,C
40.7067054,-74.00527974,C
40.70809553,-74.00624064,C
40.70744665,-74.00709032,C
40.70809365,-74.00167586,C
40.70813174,-74.00559767,C
40.7067054,-74.00527974,C
40.71141171,-74.00792298,C
40.85663325,-73.93308926,C
40.76489797,-73.96082791,C
40.76564614,-73.97196671,C
40.7694262,-73.96915114,C
40.76679681,-73.96270789,C
40.76588804,-73.96140283,C
40.76293103,-73.96592285,C
40.76646614,-73.96082381,C
40.76513916,-73.95752251,C
40.78063299,-73.98706008,C
40.77410629,-73.95908397,C
40.77211936,-73.95223277,C
40.78418897,-73.95289067,C
40.78119461,-73.95758831,C
40.78443619,-73.95192876,C
40.7863108,-73.9559597,C
40.78382632,-73.94812371,C
40.78235337,-73.95242179,C
40.7789587,-73.94825908,C
40.7168027,-74.01481474,C
40.7168112,-74.01440386,C
40.71607024,-74.01501004,C
40.71808794,-74.01507618,C
41.41474841,-73.55287474,C
41.41478799,-73.55282063,C
40.9730767,-73.74727755,C
40.91044704,-73.77906902,C
40.69156641,-73.98443291,C
40.64938328,-73.94648379,C
40.71306491,-73.95213118,C
40.78386995,-73.825157,C
40.73018767,-73.80717799,C
